Variant,Country,Date_Detected,Cases,Deaths,Recovered,Hospitalized,Transmission_Rate,Mutation_Count,Severity_Level
Mu,USA,2022-03-19,38091,232,15458,1476,1.27,10,Moderate
Delta,Canada,2021-06-29,79157,1552,58030,3967,1.16,7,Moderate
Epsilon,UK,2022-07-18,7071,3270,83006,1976,2.24,14,Mild
Omicron,UK,2020-08-30,29239,2409,16401,385,0.98,16,Moderate
Mu,Germany,2023-09-29,85545,3512,4181,272,0.73,15,Severe
Theta,Canada,2023-01-04,77167,25,44875,4372,1.83,12,Severe
Gamma,Germany,2021-10-31,80357,460,11399,6512,2.55,9,Moderate
Mu,Canada,2023-12-29,84842,3764,60981,7843,0.75,8,Severe
Epsilon,Australia,2021-02-11,37811,3431,44304,1903,2.48,18,Critical
Omicron,USA,2022-10-18,6630,3483,38275,8116,2.53,18,Mild
Delta,Australia,2021-03-15,11216,1994,12503,1662,1.71,13,Mild
Epsilon,South Africa,2022-02-13,65894,490,18864,5550,0.64,18,Moderate
Epsilon,France,2022-04-26,382,1072,18313,3902,0.94,15,Moderate
Gamma,Brazil,2020-11-13,79573,3173,77744,609,2.27,4,Critical
Lambda,Canada,2020-05-27,1998,215,15785,4825,2.28,17,Moderate
Omicron,South Africa,2022-03-19,4235,1723,15880,1922,2.75,5,Severe
Beta,France,2021-02-23,6729,1592,47943,9494,1.96,16,Critical
Epsilon,Japan,2020-08-30,85220,2606,44723,8802,0.81,9,Severe
Lambda,USA,2022-06-25,89187,158,89512,8582,0.8,10,Mild
Beta,Germany,2020-02-21,65131,4781,45116,4223,2.3,18,Severe
Omicron,Germany,2022-12-21,33480,3313,3423,3647,0.96,17,Mild
Alpha,Australia,2022-12-17,17171,2841,10385,9300,1.32,18,Severe
Theta,UK,2021-05-29,20174,1776,23791,5609,1.72,7,Mild
Lambda,France,2022-09-13,90824,2052,10742,6458,0.56,4,Moderate
Zeta,Japan,2023-08-05,67943,2295,47345,8567,1.12,5,Severe
Alpha,South Africa,2020-04-15,40001,1696,45591,7392,1.52,16,Mild
Theta,USA,2022-08-03,11305,2993,34107,8992,1.2,3,Severe
Gamma,France,2021-05-29,55761,2469,67033,3579,0.84,18,Critical
Mu,Japan,2023-07-24,6006,1946,19633,7717,2.32,14,Moderate
Delta,Brazil,2020-04-10,2691,3809,22815,756,2.53,15,Mild
Zeta,Canada,2021-09-11,63087,2783,59337,8514,1.14,17,Critical
Gamma,Germany,2023-12-29,63470,3644,23956,4643,2.44,1,Severe
Omicron,South Africa,2022-10-30,80785,2500,85153,930,1.46,17,Critical
Gamma,Germany,2023-02-13,54500,3645,79725,9279,1.77,11,Severe
Mu,South Africa,2022-03-29,25250,2645,46575,7018,2.64,17,Moderate
Omicron,Australia,2023-04-23,31952,2349,38280,2391,2.37,14,Critical
Zeta,UK,2022-07-25,42970,1932,19570,3628,2.51,19,Moderate
Mu,South Africa,2023-10-27,52856,3294,85288,8999,0.84,7,Mild
Beta,Germany,2022-01-24,56581,1757,51984,4453,0.67,13,Severe
Delta,Australia,2021-09-16,1383,1116,25616,282,2.73,18,Severe
Zeta,South Africa,2022-02-25,33791,2567,73243,1783,1.47,14,Moderate
Beta,Brazil,2020-08-20,1225,3499,30184,2557,1.22,1,Moderate
Theta,UK,2020-08-04,67165,492,10395,3174,2.31,7,Mild
Zeta,South Africa,2023-02-06,26270,3306,41235,4790,2.59,8,Critical
Theta,Australia,2020-11-30,8538,619,92999,956,2.66,18,Severe
Omicron,France,2022-11-05,20195,3232,70794,516,1.29,9,Severe
Beta,India,2022-03-30,16254,3823,33505,6729,2.63,1,Mild
Delta,Japan,2020-04-06,8104,2380,28068,8445,0.6,17,Mild
Mu,India,2023-03-31,9852,1546,54269,8707,0.62,19,Moderate
Epsilon,India,2021-07-09,55526,4958,46041,6370,2.06,6,Moderate
Gamma,USA,2020-03-24,26919,3563,73666,7667,0.66,3,Critical
Alpha,Brazil,2021-01-12,92151,1605,87488,3600,1.31,5,Mild
Delta,France,2021-05-13,24317,3752,9536,1202,2.18,2,Critical
Beta,Canada,2023-05-08,88808,4675,38912,1474,1.34,4,Mild
Epsilon,South Africa,2020-07-07,33094,1890,58920,400,0.95,10,Severe
Delta,Japan,2022-11-27,15136,1275,86744,5625,1.2,10,Mild
Beta,UK,2020-09-06,77375,2743,43906,6116,1.64,11,Mild
Lambda,France,2023-01-28,97856,2493,86105,8874,1.69,16,Severe
Lambda,Germany,2022-06-14,49516,356,31429,2570,2.46,17,Mild
Theta,Canada,2020-10-30,9687,869,64779,5877,2.38,16,Critical
Delta,USA,2023-03-18,95765,885,28428,1221,1.64,7,Moderate
Lambda,USA,2021-05-30,745,2001,54403,9131,2.61,16,Moderate
Beta,France,2021-11-17,31030,1283,50046,1549,0.79,3,Critical
Theta,Australia,2023-03-10,81935,619,14081,9114,1.14,16,Severe
Beta,India,2020-06-17,30190,882,80122,653,2.57,8,Mild
Theta,Germany,2021-01-19,87589,796,66032,8703,1.44,12,Critical
Delta,USA,2022-08-24,52242,3642,36733,8931,2.95,3,Moderate
Epsilon,Japan,2023-03-31,26575,3425,17668,1293,1.67,17,Moderate
Mu,USA,2021-10-06,18988,1296,6637,7690,2.48,18,Critical
Zeta,UK,2022-03-10,43832,4714,62840,7355,1.51,11,Moderate
Epsilon,South Africa,2021-10-22,81723,244,31530,4396,1.56,4,Critical
Omicron,USA,2023-05-18,46405,2895,20577,929,1.46,16,Moderate
Beta,UK,2021-11-26,46137,929,23619,2349,2.3,17,Critical
Omicron,France,2021-02-21,9446,519,11201,8957,1.87,9,Mild
Epsilon,France,2021-03-17,687,3212,71144,5940,2.86,6,Mild
Theta,Canada,2021-03-29,12863,2409,59224,5412,1.13,2,Mild
Zeta,USA,2020-10-29,59265,7,44789,5673,0.75,9,Mild
Zeta,Japan,2022-06-20,69715,2525,33004,5285,1.48,6,Moderate
Alpha,USA,2021-10-12,36216,3423,35353,517,2.04,3,Severe
Zeta,Japan,2022-09-04,85851,2019,34750,1446,2.65,6,Critical
Mu,Brazil,2022-07-12,91453,4590,93086,8760,1.37,7,Severe
Zeta,Canada,2020-03-19,90401,4282,67618,7364,2.13,1,Moderate
Epsilon,Brazil,2023-08-24,95748,3667,66838,4526,1.38,1,Moderate
Alpha,USA,2020-01-17,25656,3671,71095,3632,2.04,5,Severe
Epsilon,Canada,2022-08-16,59142,2801,37892,4409,2.71,6,Severe
Epsilon,Brazil,2021-08-06,18199,85,13950,5047,1.08,13,Moderate
Gamma,India,2023-08-18,45196,3115,80109,8121,1.51,2,Moderate
Alpha,USA,2022-08-03,72086,4232,1931,3725,2.98,15,Critical
Epsilon,Brazil,2023-12-01,13330,2468,33087,7847,2.67,15,Mild
Gamma,India,2022-01-21,29109,3619,1680,1311,1.91,13,Mild
Gamma,India,2022-08-15,71069,1636,20839,7380,1.79,14,Critical
Alpha,France,2022-03-01,33966,3583,88109,5195,1.21,7,Severe
Omicron,USA,2020-12-10,84346,4009,83544,2165,1.79,14,Moderate
Theta,India,2021-02-10,77075,3326,46201,6421,2.62,10,Severe
Mu,France,2021-05-22,41955,2218,48970,6375,2.21,17,Mild
Theta,Brazil,2022-07-03,81657,2217,67281,702,1.23,14,Mild
Zeta,UK,2020-05-30,6516,4967,80407,1488,1.0,8,Severe
Mu,USA,2022-07-08,72616,2369,3312,6406,1.16,4,Mild
Zeta,Canada,2022-01-24,56015,3638,67031,8458,0.92,16,Moderate
Epsilon,Japan,2023-12-01,18158,2503,82022,451,0.74,13,Critical
Beta,Japan,2023-06-26,76737,943,75535,2656,1.55,18,Severe
Alpha,Brazil,2020-12-26,40818,2837,54772,5219,0.78,14,Moderate
Mu,Australia,2021-06-14,32702,2660,89549,6543,0.93,18,Moderate
Mu,Australia,2021-04-12,74758,2936,50868,4687,1.87,5,Mild
Epsilon,Brazil,2022-07-12,78212,4444,29982,7221,0.91,9,Moderate
Omicron,India,2021-02-20,58167,3947,6951,9937,0.66,3,Severe
Gamma,USA,2020-08-04,27616,1676,8647,2655,1.29,8,Moderate
Epsilon,Japan,2020-05-01,88069,1196,63959,8220,1.05,10,Critical
Lambda,Japan,2023-11-11,1189,4105,72441,9326,1.79,19,Moderate
Gamma,India,2021-08-14,37446,2787,84264,7943,0.76,3,Moderate
Alpha,Japan,2023-11-28,74763,1461,8313,5486,2.38,11,Critical
Gamma,Canada,2021-10-26,10587,3318,63343,7938,2.77,11,Moderate
Omicron,USA,2022-12-20,255,666,25855,2090,2.36,17,Moderate
Gamma,South Africa,2023-03-13,67594,2176,91729,6099,1.83,16,Mild
Alpha,Japan,2020-08-21,76329,3743,11924,7406,2.65,7,Severe
Omicron,Brazil,2023-02-18,38647,600,93115,9749,2.24,4,Mild
Theta,Canada,2021-11-01,28895,2652,86452,7807,0.53,19,Severe
Mu,Japan,2022-03-13,55396,4422,14129,871,1.49,12,Critical
Mu,Canada,2021-12-30,21547,3824,49900,8356,2.63,15,Critical
Zeta,France,2022-12-13,36698,3906,72829,3504,1.36,11,Critical
Theta,South Africa,2022-01-12,41914,979,9068,914,0.59,5,Severe
Theta,Germany,2022-08-12,90851,2451,49550,1279,2.37,5,Severe
Gamma,Brazil,2023-03-19,75430,628,12150,414,2.51,15,Severe
Mu,Brazil,2021-12-02,98845,1629,57071,9045,0.9,18,Critical
Alpha,USA,2022-08-25,88060,3696,19850,9984,1.84,11,Severe
Delta,Canada,2020-06-14,63378,3430,63450,9766,0.98,12,Moderate
Delta,India,2022-12-29,55177,3674,92496,1194,2.3,2,Mild
Omicron,Brazil,2022-04-23,72006,3929,29487,8948,1.18,15,Critical
Mu,Canada,2021-06-10,9628,2765,76587,1735,1.29,4,Mild
Mu,Canada,2021-05-11,93912,4369,46725,8472,2.61,18,Moderate
Delta,UK,2023-01-28,50200,4780,19992,5821,1.69,6,Severe
Mu,UK,2023-12-12,8279,115,20912,5616,2.17,19,Mild
Gamma,Germany,2023-01-15,48881,4956,11719,3966,1.51,11,Moderate
Lambda,France,2023-11-15,55367,2003,53822,181,1.25,2,Moderate
Beta,Germany,2021-10-16,82479,692,15966,8475,2.06,8,Mild
Theta,Japan,2023-05-15,24052,3162,10928,2316,0.89,11,Critical
Zeta,India,2023-05-03,53898,1105,3035,9360,1.43,5,Mild
Omicron,Japan,2020-09-18,98796,3008,73698,9908,1.02,18,Critical
Lambda,Australia,2022-10-21,51039,2161,41285,9973,2.24,18,Severe
Delta,Japan,2021-08-16,29616,153,18981,431,2.86,14,Critical
Theta,USA,2022-08-29,56626,3699,92926,5550,2.99,10,Severe
Mu,Japan,2020-10-11,10549,4410,386,9411,1.63,3,Mild
Zeta,Germany,2021-11-10,50390,3786,42983,4685,1.13,9,Severe
Mu,Brazil,2021-03-29,86761,1064,84949,9092,1.61,3,Moderate
Alpha,Brazil,2021-01-16,73054,4200,45586,6758,2.62,11,Severe
Alpha,UK,2021-09-02,22846,1913,69554,6113,1.02,12,Critical
Zeta,India,2021-08-14,68090,1216,51198,1483,2.88,12,Critical
Zeta,India,2023-10-02,58910,2401,16329,3253,1.35,3,Critical
Delta,USA,2020-07-26,83397,1772,68715,2191,2.96,7,Severe
Zeta,Germany,2021-05-13,15323,1960,71436,9651,2.6,14,Critical
Gamma,UK,2021-04-05,72337,2780,86174,3106,2.52,11,Critical
Mu,Australia,2020-05-26,2697,4804,77535,6656,1.29,7,Moderate
Lambda,India,2020-12-21,65777,4746,74105,9792,0.52,10,Severe
Epsilon,Brazil,2021-12-15,2759,2871,91961,5892,1.46,11,Moderate
Zeta,Japan,2020-01-17,86616,660,77323,5992,1.25,15,Critical
Omicron,Japan,2020-12-13,74667,2635,66720,5808,0.59,19,Critical
Alpha,UK,2022-03-29,15137,2329,76524,9637,1.76,16,Critical
Gamma,Germany,2020-02-29,46838,3954,54078,8425,1.51,12,Severe
Theta,Germany,2022-09-16,71778,2450,90072,8421,2.09,18,Mild
Epsilon,France,2022-05-16,12209,1132,91682,9856,2.05,13,Critical
Lambda,South Africa,2021-09-17,22110,699,71178,8466,0.8,5,Critical
Epsilon,India,2023-03-18,8887,2038,18158,9155,2.94,4,Critical
Zeta,Germany,2020-08-17,8572,4647,52545,4534,0.97,14,Critical
Delta,Brazil,2020-11-10,23483,4500,82856,6569,1.61,8,Severe
Alpha,UK,2022-09-04,61809,4557,93235,7630,1.72,9,Mild
Alpha,Australia,2021-11-04,69885,2179,76583,2784,2.53,19,Mild
Theta,France,2020-07-13,34618,2838,56880,5683,0.75,3,Mild
Delta,Canada,2020-04-06,54009,873,74690,3134,1.57,5,Critical
Mu,USA,2023-05-22,18451,83,52559,8681,2.07,18,Critical
Beta,Australia,2020-01-09,69724,1422,66456,1363,1.04,1,Mild
Gamma,Canada,2023-10-16,53430,2675,94270,9091,2.07,8,Mild
Alpha,Japan,2022-02-06,15382,3180,39569,3864,2.81,19,Critical
Omicron,USA,2020-04-15,84966,4316,49699,8144,2.99,17,Critical
Alpha,India,2021-08-04,21878,3975,34574,934,0.58,17,Moderate
Epsilon,Brazil,2021-08-13,24364,1391,33935,2180,1.09,11,Moderate
Alpha,USA,2022-09-12,59775,3218,44419,5516,1.28,2,Moderate
Alpha,South Africa,2022-04-23,5175,4207,30726,2405,1.5,6,Mild
Beta,Canada,2023-06-07,76048,614,64143,8230,1.11,14,Severe
Beta,India,2020-07-07,48554,2971,47814,8236,1.01,3,Critical
Lambda,South Africa,2023-09-21,28465,3565,50849,5525,2.89,12,Moderate
Mu,Japan,2021-11-10,72866,3576,79464,2680,2.8,4,Severe
Omicron,South Africa,2020-10-26,48300,4570,93145,3375,0.62,12,Critical
Alpha,France,2023-02-24,11102,270,72357,598,1.35,13,Severe
Alpha,France,2023-11-28,14047,4066,82112,3148,1.51,2,Mild
Gamma,UK,2023-01-25,79322,2468,31973,9105,1.1,2,Mild
Beta,Australia,2021-01-22,94940,1390,78438,6673,2.07,15,Mild
Omicron,Australia,2022-02-22,78710,3354,47624,4096,2.1,17,Moderate
Theta,India,2023-11-05,52242,4135,43441,8541,2.63,7,Critical
Lambda,Japan,2023-03-03,56407,3607,53714,4280,2.35,14,Mild
Mu,Germany,2021-01-03,4593,2583,67434,6029,1.86,12,Moderate
Delta,France,2023-04-14,50185,4073,31077,9916,2.13,17,Moderate
Mu,India,2021-02-24,34328,3075,35514,566,1.18,14,Moderate
Epsilon,Germany,2020-08-26,79776,3906,34535,8032,1.98,6,Moderate
Alpha,Australia,2020-05-17,51975,289,19506,5462,1.72,19,Mild
Lambda,UK,2023-02-15,31755,2480,74845,3577,0.83,6,Moderate
Epsilon,South Africa,2023-04-30,43572,3252,35604,3909,1.11,18,Mild
Omicron,France,2020-06-08,49537,278,46972,6487,1.23,5,Mild
Delta,India,2021-05-04,49516,2924,13459,7510,2.81,6,Moderate
Beta,USA,2023-04-14,59811,580,69377,1026,1.08,2,Mild
Lambda,Germany,2020-12-12,6916,4958,91450,6480,1.22,8,Critical
Lambda,South Africa,2021-07-09,77275,253,36689,2072,1.42,15,Critical
Alpha,France,2021-09-27,64407,4276,63677,9040,2.16,15,Severe
Zeta,Australia,2023-08-05,46833,4776,83474,9839,0.8,11,Critical
Lambda,Japan,2021-12-05,95128,824,19742,4331,2.88,1,Mild
Gamma,Germany,2023-09-29,11340,3832,89087,3506,2.66,18,Mild
Delta,Australia,2023-08-09,98334,699,78890,1823,1.94,12,Critical
Delta,France,2020-02-05,92593,1380,54250,6266,2.19,12,Moderate
Gamma,Germany,2022-08-10,98444,3896,93113,9653,0.54,11,Moderate
Theta,South Africa,2020-06-18,71463,1673,57465,2323,1.35,8,Mild
Gamma,France,2021-12-03,32862,2727,18124,9716,2.49,7,Moderate
Gamma,Canada,2021-07-25,8359,3156,15599,1241,0.69,2,Severe
Delta,India,2023-08-31,50239,3388,30013,9847,1.21,11,Severe
Mu,South Africa,2023-12-22,14949,4307,91506,5841,1.96,10,Critical
Delta,Germany,2023-11-08,81868,383,52315,3009,1.14,3,Critical
Zeta,Japan,2022-02-22,89809,341,16111,3450,2.83,10,Moderate
Alpha,Australia,2020-04-23,54969,1987,58276,4066,0.83,18,Mild
Epsilon,USA,2022-04-26,63195,4059,28860,315,2.49,14,Critical
Mu,Australia,2020-09-08,71010,4939,60056,9925,1.77,18,Severe
Beta,Germany,2023-10-27,86810,3109,22850,1699,2.38,8,Critical
Epsilon,Australia,2020-01-17,23667,4082,75526,9719,1.28,10,Critical
Alpha,India,2023-03-13,35392,4515,69510,3927,1.79,13,Severe
Zeta,France,2020-07-04,74913,2798,57817,7090,2.64,8,Mild
Zeta,USA,2022-06-06,97236,3240,28104,8621,1.67,4,Critical
Beta,Brazil,2020-05-12,51731,1988,75369,2946,1.4,4,Critical
Mu,Germany,2022-08-10,9985,3414,45447,3872,1.84,5,Critical
Theta,UK,2022-03-03,59759,1849,13283,9652,2.29,1,Moderate
Gamma,Brazil,2023-05-19,54406,305,90070,5659,1.61,17,Critical
Mu,Australia,2022-02-15,66414,3613,25118,3271,2.85,2,Severe
Theta,Germany,2022-08-18,65187,2749,65777,9366,1.24,8,Mild
Zeta,Canada,2023-12-14,29265,4964,90660,1829,1.69,7,Mild
Delta,UK,2023-04-23,59029,1135,70503,1352,2.39,15,Severe
Alpha,USA,2021-10-13,67128,205,25882,5570,2.22,5,Moderate
Beta,Japan,2021-07-22,96098,4591,86292,2236,2.66,2,Severe
Alpha,Canada,2022-09-07,49912,3450,13732,1089,2.99,7,Mild
Omicron,Brazil,2023-06-10,50600,3811,92348,4216,1.57,8,Severe
Omicron,France,2020-03-02,79251,3622,23433,6290,0.78,7,Moderate
Mu,India,2021-01-04,58743,3599,58210,7245,0.58,7,Mild
Zeta,Japan,2020-07-07,45000,2551,93382,823,2.32,14,Moderate
Zeta,Canada,2020-03-27,43046,4308,23716,5099,2.69,18,Severe
Gamma,France,2022-08-25,7951,309,58867,2041,1.05,6,Critical
Gamma,France,2021-11-12,16388,2708,91248,8524,0.9,4,Severe
Gamma,Germany,2021-02-21,72792,1991,34692,9105,0.66,10,Moderate
Delta,Canada,2022-01-24,67680,271,41880,9743,2.56,18,Severe
Epsilon,USA,2021-11-12,7468,3642,10284,5921,1.28,12,Critical
Lambda,Australia,2023-09-19,85536,4086,57666,2663,1.5,16,Moderate
Epsilon,UK,2023-02-09,96236,1822,9271,3350,1.76,7,Severe
Alpha,UK,2021-05-17,46503,3273,11460,7886,2.6,6,Moderate
Epsilon,Brazil,2022-07-25,91270,4538,80105,1151,2.13,5,Moderate
Delta,Brazil,2021-07-10,9268,4349,61463,9051,2.04,3,Mild
Alpha,UK,2023-02-11,86597,520,1101,8568,0.94,12,Mild
Epsilon,USA,2022-10-03,49979,976,75351,2907,1.78,15,Moderate
Delta,India,2021-01-03,59971,3722,76968,9291,2.29,10,Severe
Lambda,South Africa,2023-09-15,89488,3551,78166,4051,2.93,19,Severe
Epsilon,Australia,2020-03-21,98746,4105,56613,2048,1.0,16,Severe
Delta,India,2021-11-06,32274,2773,44807,4280,0.52,11,Critical
Gamma,Germany,2021-10-28,99851,2552,77525,4693,0.69,8,Moderate
Zeta,South Africa,2023-12-06,92591,2832,51307,504,1.44,3,Moderate
Gamma,South Africa,2020-04-29,6681,3907,357,7126,2.55,7,Critical
Zeta,Canada,2023-08-14,71953,152,56939,1794,0.52,7,Moderate
Beta,USA,2020-05-23,64146,2964,68945,3520,1.64,14,Moderate
Beta,USA,2020-08-04,49778,2916,35994,3796,1.32,2,Critical
Beta,South Africa,2021-04-24,26749,2800,38184,5276,0.63,10,Mild
Lambda,Canada,2020-08-14,88768,1752,27373,9200,1.63,19,Moderate
Gamma,Australia,2020-10-03,82425,2610,71812,5438,1.14,9,Critical
Zeta,South Africa,2021-12-21,14667,3875,87275,6691,1.38,16,Severe
Delta,Japan,2023-07-13,80504,1104,26004,6903,2.26,19,Mild
Alpha,Brazil,2021-01-17,90006,2536,55071,9653,1.8,18,Severe
Delta,Brazil,2020-04-25,96119,4990,90009,9953,0.81,9,Moderate
Alpha,India,2021-08-06,62044,4199,79916,4668,2.9,16,Mild
Omicron,Germany,2023-01-20,78102,3854,70477,7092,2.09,13,Critical
Delta,Brazil,2022-06-07,28903,3494,5042,6879,2.41,10,Moderate
Epsilon,France,2021-01-13,18330,1914,2011,7617,0.7,14,Critical
Epsilon,India,2023-01-31,17962,3072,12547,7679,0.62,12,Mild
Mu,Brazil,2022-06-16,43455,1006,32601,6229,0.55,19,Severe
Gamma,Germany,2022-03-16,31359,406,76434,4544,0.97,7,Moderate
Alpha,USA,2023-02-19,99175,166,55805,5989,1.54,15,Moderate
Alpha,USA,2020-05-26,87545,508,13305,8900,2.84,16,Critical
Gamma,Australia,2021-06-07,30895,1661,4617,1322,1.64,8,Mild
Lambda,South Africa,2021-07-07,8870,3664,48897,2972,1.23,10,Critical
Mu,Japan,2023-04-11,11193,3489,48053,2948,1.9,4,Mild
Lambda,USA,2020-11-17,46671,4858,20439,3207,0.78,19,Moderate
Lambda,Canada,2023-04-11,293,680,44573,5306,2.02,19,Mild
Lambda,Brazil,2021-09-04,17669,2524,61626,7214,1.92,15,Moderate
Gamma,Canada,2020-06-28,11290,2120,43969,5740,2.48,14,Mild
Lambda,Germany,2021-09-07,62924,4677,82153,136,2.97,1,Severe
Epsilon,USA,2020-12-02,42852,4357,3408,5612,1.13,16,Mild
Beta,Japan,2022-10-03,32427,1363,88585,1201,1.77,10,Severe
Omicron,Germany,2020-03-31,42170,1331,76574,2649,2.77,19,Mild
Alpha,France,2021-12-08,86025,2292,5748,1376,2.46,3,Mild
Alpha,France,2022-07-05,40297,1538,66859,9221,1.72,5,Critical
Omicron,Canada,2022-10-22,2361,3408,93129,6463,2.86,9,Critical
Gamma,South Africa,2022-04-17,94005,560,55855,6681,0.64,18,Moderate
Delta,India,2023-01-25,26612,1099,31399,6693,2.83,11,Critical
Gamma,South Africa,2021-12-05,6816,1903,76827,4549,0.63,16,Mild
Alpha,Australia,2022-01-27,86895,174,50298,8886,1.87,2,Critical
Alpha,South Africa,2020-08-13,29033,2156,75083,2897,2.73,12,Mild
Omicron,Australia,2020-05-12,4478,2230,44091,9664,1.16,6,Severe
Lambda,Australia,2023-12-04,40683,4287,32004,4096,1.68,11,Mild
Gamma,Japan,2022-02-06,85471,4160,8052,2271,1.31,8,Moderate
Zeta,USA,2021-10-25,29133,3920,69833,4190,2.88,12,Severe
Omicron,Japan,2022-12-17,24100,1497,87284,2851,2.56,2,Moderate
Epsilon,Australia,2022-05-22,75968,3854,19788,9969,2.27,9,Moderate
Alpha,Germany,2022-07-30,42704,3171,10753,6050,1.97,15,Moderate
Omicron,France,2022-01-13,68436,1567,49472,3570,2.55,2,Critical
Gamma,Australia,2020-09-22,95174,1151,83156,4768,1.48,1,Moderate
Alpha,Japan,2021-07-16,95755,368,61949,636,1.62,10,Severe
Delta,Germany,2022-04-17,73969,4946,12442,5024,2.33,2,Mild
Omicron,Japan,2022-12-02,5510,42,44774,1385,1.39,12,Moderate
Mu,South Africa,2021-08-13,83475,1907,32349,1191,0.66,8,Severe
Alpha,Brazil,2020-12-24,56144,3490,15691,5718,0.69,5,Moderate
Gamma,Canada,2022-12-18,63415,2535,79584,500,0.79,1,Mild
Beta,India,2022-05-12,96155,4173,6355,3739,2.67,15,Severe
Zeta,Japan,2022-08-22,71444,2873,18832,5984,1.68,6,Severe
Theta,India,2022-08-06,6896,1824,78307,3544,2.28,12,Mild
Lambda,UK,2021-11-17,86816,1293,78013,3306,1.48,8,Severe
Theta,Japan,2023-04-20,54345,4769,20616,1950,1.15,13,Mild
Gamma,Brazil,2023-07-20,43156,4796,67816,5024,1.37,19,Severe
Epsilon,India,2021-09-08,17809,4854,6561,1892,2.49,1,Severe
Epsilon,Australia,2023-08-08,58657,3386,26227,4918,2.06,11,Mild
Beta,Japan,2020-04-03,17643,2972,4815,2997,2.84,1,Mild
Lambda,USA,2020-01-18,37518,3922,20404,5595,2.2,8,Severe
Mu,Canada,2020-11-05,94711,4997,23979,3169,1.93,5,Severe
Beta,Brazil,2023-12-10,96138,992,28870,4540,2.03,17,Mild
Theta,India,2020-12-18,16824,2386,29573,691,2.86,8,Critical
Beta,Brazil,2021-12-20,3928,2240,71138,5264,2.47,10,Mild
Theta,Germany,2020-11-05,17187,1476,66213,1083,0.56,2,Severe
Alpha,Canada,2022-10-08,12705,3407,77575,2397,1.84,9,Severe
Epsilon,Australia,2021-05-07,31437,389,13830,2703,2.22,3,Severe
Alpha,Japan,2023-12-26,5582,999,6639,9572,2.37,18,Mild
Zeta,Japan,2020-09-08,65433,4620,34862,4350,1.03,7,Severe
Lambda,Japan,2022-09-07,92641,1855,93714,2166,2.67,15,Critical
Mu,Canada,2020-08-26,88396,658,45989,7976,2.89,18,Moderate
Theta,USA,2021-11-09,51052,2763,51543,2590,1.09,3,Critical
Mu,UK,2023-12-23,5563,3663,93376,7267,2.71,14,Mild
Theta,France,2021-12-25,70548,4986,41003,2169,0.74,2,Severe
Gamma,South Africa,2022-10-18,4748,1481,65835,6782,0.64,14,Mild
Beta,India,2021-07-29,33723,3731,19359,1637,0.82,11,Moderate
Zeta,USA,2022-10-22,59256,451,54245,8229,0.64,16,Mild
Epsilon,Australia,2023-08-31,35734,2475,25951,7090,2.61,8,Severe
Theta,India,2021-03-24,44702,3222,23626,1995,0.65,7,Moderate
Mu,Japan,2023-01-25,49434,1537,31558,9723,1.18,11,Moderate
Zeta,Brazil,2020-09-22,68748,3093,74761,8498,0.76,3,Severe
Delta,Australia,2022-07-06,22154,882,25514,2191,1.24,17,Severe
Delta,India,2023-03-04,70128,4408,60331,2306,0.73,14,Severe
Alpha,Japan,2022-01-13,22307,4068,16310,7174,2.17,6,Mild
Epsilon,India,2022-10-30,80750,4935,35490,2607,0.83,8,Critical
Gamma,Brazil,2022-03-07,99921,2566,56733,911,2.63,5,Mild
Mu,Japan,2022-04-02,81654,3277,41480,6070,2.54,8,Mild
Beta,UK,2022-06-29,21486,374,2037,9300,0.53,2,Critical
Beta,USA,2023-01-20,83376,4546,25155,1687,2.74,15,Severe
Mu,Germany,2022-05-16,59618,3697,78534,2891,0.57,12,Severe
Lambda,South Africa,2022-12-21,52881,3062,13076,5632,1.1,17,Critical
Gamma,Canada,2020-11-26,52880,4690,68359,8062,0.58,1,Critical
Zeta,South Africa,2022-12-23,61540,3250,45977,1388,1.34,15,Mild
Theta,Australia,2022-12-05,44299,4595,75464,1258,1.78,14,Moderate
Lambda,South Africa,2021-09-27,61135,4559,57585,5660,2.49,16,Critical
Theta,Japan,2023-09-12,8310,112,42996,6089,1.34,9,Mild
Theta,UK,2021-09-07,44463,3197,56611,9466,2.26,1,Moderate
Lambda,Germany,2022-03-19,78379,2378,10427,7046,0.97,17,Severe
Alpha,USA,2020-01-30,60448,1924,53642,6497,2.38,13,Severe
Delta,USA,2022-03-19,55384,139,7397,1068,1.09,5,Mild
Theta,Brazil,2021-08-01,72224,1424,33826,2058,0.86,10,Mild
Lambda,Canada,2022-06-30,68947,2949,3833,6125,0.96,6,Critical
Lambda,India,2020-05-31,22532,3168,55848,4258,0.96,19,Severe
Omicron,UK,2020-10-06,64189,516,4348,2486,1.78,13,Mild
Alpha,India,2020-01-24,55498,2616,70254,4613,2.61,1,Severe
Epsilon,Germany,2020-06-22,99391,887,86257,3563,0.7,15,Severe
Omicron,South Africa,2021-07-26,3421,3104,55211,9963,2.27,14,Critical
Omicron,USA,2021-09-11,81448,49,60702,230,2.14,8,Moderate
Mu,Germany,2020-07-06,37483,3951,34534,4828,2.68,10,Critical
Delta,South Africa,2020-07-07,78782,3560,20972,7202,1.11,9,Mild
Lambda,USA,2022-04-14,79290,18,34078,4633,1.63,17,Critical
Delta,South Africa,2022-03-27,52993,4821,20366,7359,2.81,9,Critical
Gamma,Canada,2020-02-10,35920,1473,77046,5628,2.15,3,Severe
Mu,UK,2020-05-20,66362,4061,17018,9866,1.47,11,Critical
Epsilon,Australia,2020-01-14,3860,2606,30316,7219,0.83,12,Mild
Delta,Germany,2020-12-18,22290,451,24050,4586,1.16,10,Moderate
Beta,Germany,2023-04-20,67511,3765,14061,1881,1.95,17,Critical
Theta,France,2023-10-27,23477,2438,2916,7925,2.3,17,Critical
Gamma,Japan,2020-12-03,46837,4310,5948,1472,0.81,11,Moderate
Alpha,Canada,2023-02-25,69669,1549,18445,5531,2.0,4,Mild
Epsilon,Canada,2021-02-17,38311,3474,39069,8546,1.88,7,Mild
Gamma,India,2022-11-09,83009,127,4056,8246,1.78,14,Critical
Theta,South Africa,2023-01-12,3844,4855,34443,7823,2.23,7,Severe
Mu,Japan,2023-03-16,25095,2761,11006,2078,2.59,8,Critical
Theta,UK,2023-02-06,17077,4456,50092,5763,1.31,1,Moderate
Omicron,UK,2023-10-26,98038,4664,6128,7247,2.72,4,Moderate
Theta,Canada,2022-11-25,34642,1415,29681,7026,0.9,12,Moderate
Omicron,UK,2020-10-17,10751,201,62951,6201,0.93,3,Critical
Mu,France,2023-10-11,99339,2369,69547,1524,1.17,13,Critical
Zeta,Germany,2020-04-23,79031,517,94863,2608,0.8,6,Mild
Omicron,Brazil,2023-08-25,95444,1341,41624,1011,1.08,11,Severe
Alpha,Australia,2023-10-27,16815,4776,31467,1043,0.77,4,Critical
Theta,India,2023-06-02,44509,1988,88070,6909,2.55,16,Mild
Theta,South Africa,2023-06-03,24406,3545,83689,8475,0.85,7,Critical
Alpha,Australia,2020-09-08,19186,4520,65056,5061,2.37,11,Mild
Beta,South Africa,2021-11-12,14476,3802,94931,9981,0.62,1,Mild
Lambda,USA,2022-04-27,61450,3275,39504,4486,2.87,7,Severe
Zeta,Australia,2021-08-29,71525,3654,1637,488,2.28,12,Critical
Epsilon,Brazil,2023-10-04,36736,2434,54760,525,0.52,7,Mild
Omicron,Canada,2021-10-16,86220,4873,86617,1201,2.41,7,Moderate
Alpha,France,2020-05-05,51749,207,91798,6307,1.79,10,Moderate
Mu,Germany,2020-05-26,34710,2633,75936,9613,2.45,16,Moderate
Omicron,Germany,2020-01-11,10158,4117,18866,281,1.81,8,Severe
Lambda,France,2023-05-18,74737,153,85874,8344,2.1,9,Mild
Mu,Japan,2020-10-17,78133,3366,29482,7788,2.47,9,Severe
Gamma,USA,2022-01-06,70294,4314,48667,6018,1.51,2,Critical
Theta,South Africa,2020-05-05,77017,4764,72423,7997,0.51,13,Critical
Gamma,Brazil,2020-03-02,64300,1518,34267,3342,2.62,13,Mild
Omicron,UK,2021-07-15,46719,2600,20934,797,1.45,4,Moderate
Lambda,Australia,2022-06-25,17254,2195,5504,6232,1.74,12,Mild
Zeta,USA,2021-09-26,19639,4498,75010,9883,0.52,17,Mild
Omicron,Australia,2021-08-17,60158,4691,43668,632,1.73,2,Mild
Alpha,Brazil,2021-12-05,62168,3554,83998,3851,2.97,13,Severe
Delta,India,2022-08-26,77413,2414,62721,3686,1.2,18,Critical
Omicron,India,2020-01-24,30473,2849,47161,2582,1.49,15,Mild
Theta,USA,2022-07-30,33254,1742,39663,6925,2.22,8,Mild
Theta,Canada,2020-08-02,6131,1306,85728,5043,2.54,15,Mild
Omicron,Brazil,2021-02-07,93633,3849,60043,7798,1.54,1,Severe
Mu,Brazil,2020-12-03,72075,4168,8898,5224,1.27,10,Severe
Delta,France,2023-04-20,22885,4576,78722,4722,2.84,12,Severe
Alpha,Canada,2023-09-15,79028,4655,66175,76,2.19,5,Mild
Omicron,South Africa,2021-06-17,28769,4840,86494,7543,0.8,9,Moderate
Mu,South Africa,2020-11-27,94575,4195,61652,4626,0.67,8,Moderate
Theta,UK,2022-08-07,2382,2555,72095,1150,1.71,16,Moderate
Theta,Germany,2021-09-27,34724,2305,42272,5740,1.05,14,Critical
Lambda,India,2021-08-04,48538,4508,49273,7475,1.13,13,Mild
Omicron,South Africa,2020-11-02,90000,1088,65383,9389,2.69,13,Moderate
Delta,Canada,2021-07-23,67634,2642,52782,4481,0.72,5,Moderate
Beta,Brazil,2021-12-28,31805,1177,49470,3349,2.29,16,Moderate
Delta,South Africa,2022-02-26,38344,4916,75554,558,1.18,11,Mild
Theta,Brazil,2022-04-01,75064,4757,2512,7685,2.4,5,Moderate
Theta,South Africa,2021-12-17,37537,2994,9510,8274,2.31,13,Moderate
Gamma,India,2021-10-06,77972,559,9325,208,0.52,11,Mild
Theta,Australia,2021-01-14,74978,2964,94263,9983,1.77,19,Critical
Alpha,South Africa,2023-02-02,73082,1271,13319,581,0.85,3,Severe
Epsilon,Canada,2021-05-25,50683,1813,65992,800,2.67,15,Moderate
Omicron,South Africa,2021-05-27,38492,2915,72970,9840,2.68,7,Severe
Delta,Germany,2022-01-28,7561,609,22603,1184,1.55,7,Critical
Epsilon,India,2021-04-11,10616,2461,24416,188,1.61,6,Critical
Mu,Canada,2020-07-19,79385,4120,44086,2254,1.26,3,Moderate
Beta,France,2022-03-13,17614,283,17419,4096,2.29,13,Mild
Alpha,Canada,2022-06-28,36368,2928,11845,744,1.4,7,Critical
Delta,Germany,2023-12-19,90586,4396,70071,6242,1.17,5,Severe
Epsilon,Australia,2021-06-20,36888,1091,68204,808,1.58,18,Severe
Beta,India,2020-11-16,75849,816,30193,7611,0.73,8,Severe
Gamma,France,2021-05-06,61149,82,29475,8989,2.37,17,Severe
Alpha,Germany,2020-11-20,62593,1920,88259,2805,0.53,1,Critical
Alpha,Germany,2022-08-03,36127,3491,75189,4598,2.11,14,Moderate
Gamma,USA,2023-01-25,93647,3144,5418,7307,0.96,17,Moderate
Omicron,India,2021-06-08,42949,2093,4671,3094,1.08,10,Severe
Gamma,Canada,2023-09-06,17958,4713,58879,741,2.09,12,Moderate
Alpha,Brazil,2021-04-24,84262,175,60344,1139,2.98,16,Severe
Alpha,Australia,2023-11-05,79103,2704,14769,1615,2.44,14,Severe
Epsilon,Brazil,2021-11-06,52495,4937,29277,2943,1.06,16,Mild
Theta,Canada,2023-10-13,39858,369,7616,9417,0.94,8,Critical
Beta,Canada,2023-11-06,54412,1818,12356,8526,2.67,10,Critical
Gamma,India,2022-03-29,68770,2101,53872,5084,1.61,17,Severe
Beta,Canada,2023-03-19,82379,4785,24092,7109,0.84,18,Critical
Gamma,USA,2021-07-10,15534,3490,15136,1500,2.66,16,Moderate
Mu,France,2023-05-05,64147,1779,17437,903,2.54,17,Severe
Alpha,Canada,2022-05-10,47875,1364,27092,1400,2.96,16,Mild
Theta,Brazil,2022-06-19,75869,4462,89474,3399,2.77,19,Moderate
Epsilon,Canada,2020-09-02,66777,3342,51668,4249,2.63,8,Mild
Theta,USA,2020-11-11,83655,4739,92100,4489,0.63,6,Mild
Theta,South Africa,2021-07-04,86020,3676,18373,2273,0.76,6,Critical
Theta,South Africa,2020-06-21,45834,2426,18069,3442,1.92,9,Critical
Beta,Germany,2020-10-03,88603,72,75476,2381,1.83,4,Severe
Gamma,Australia,2023-01-24,40703,2962,40913,4322,1.64,12,Critical
Zeta,UK,2021-06-23,76808,859,10333,1525,1.49,12,Mild
Mu,France,2023-02-09,82026,3856,18329,6336,1.58,17,Mild
Delta,Japan,2020-08-04,68903,4138,47049,7098,1.92,15,Moderate
Theta,Germany,2022-09-13,39432,2424,62830,5596,0.51,9,Mild
Omicron,Australia,2022-08-09,91803,1064,22958,2927,1.15,7,Severe
Beta,South Africa,2023-06-07,21412,2217,61634,5741,1.8,10,Severe
Epsilon,Brazil,2021-12-12,93476,4017,50275,7696,2.31,16,Critical
Delta,Japan,2023-01-28,84626,2259,38002,1177,0.94,12,Critical
Zeta,Australia,2021-06-29,44279,3751,37713,8312,1.87,7,Critical
Omicron,Australia,2023-02-13,71542,2086,61431,5119,2.29,18,Severe
Zeta,Germany,2022-10-08,40479,368,47979,4337,1.61,15,Mild
Delta,Japan,2020-08-20,17397,2804,9393,5820,0.57,6,Critical
Theta,India,2021-05-26,2111,150,76223,3665,1.62,12,Moderate
Omicron,UK,2023-08-24,44114,1134,39841,3803,1.24,11,Critical
Zeta,India,2021-02-23,11838,2784,29184,9957,2.82,3,Severe
Epsilon,Japan,2021-02-23,94433,4164,47151,6748,0.81,2,Critical
Gamma,India,2023-07-26,47598,2346,69493,1587,2.13,6,Mild
Alpha,USA,2020-11-24,11220,4897,57580,9498,0.63,5,Critical
Gamma,South Africa,2022-02-01,8867,2250,46849,2230,1.62,18,Severe
Delta,USA,2022-01-31,22952,60,4877,9174,1.88,16,Severe
Beta,Canada,2023-02-16,79339,3010,62703,1040,1.24,8,Moderate
Alpha,India,2021-02-01,1029,3901,13749,6701,1.64,11,Severe
Mu,Canada,2023-09-28,77587,1337,91469,4002,0.91,10,Moderate
Epsilon,Brazil,2021-08-09,91675,1184,5363,923,1.26,12,Mild
Mu,France,2020-09-22,95140,4426,13648,6368,2.05,6,Severe
Omicron,Brazil,2023-11-15,17538,1551,28857,2191,1.25,5,Critical
Alpha,Japan,2022-08-28,48615,4433,70473,3207,2.75,9,Mild
Mu,Australia,2021-12-12,5844,1629,69440,6050,2.07,16,Critical
Mu,South Africa,2023-04-22,83920,1327,45276,1472,1.6,14,Critical
Zeta,India,2023-05-19,42517,1526,59600,7047,0.6,8,Critical
Gamma,Germany,2020-06-28,7169,1673,80122,9509,1.75,19,Mild
Zeta,France,2023-12-09,42459,1361,3608,5004,2.41,14,Mild
Alpha,UK,2022-07-02,19899,1573,75358,9391,1.16,7,Severe
Alpha,UK,2023-02-27,98846,2686,50163,5318,2.52,5,Critical
Delta,UK,2021-08-26,93862,4370,53049,6231,1.13,18,Moderate
Zeta,India,2023-12-01,70288,2366,55928,7100,2.56,2,Severe
Lambda,UK,2022-11-24,89959,3757,36393,7779,0.71,11,Mild
Gamma,USA,2020-09-06,7697,2434,58269,697,2.67,8,Moderate
Alpha,France,2021-02-23,47193,1993,35236,4671,1.75,1,Mild
Delta,USA,2021-09-26,37326,869,37016,9409,1.24,12,Moderate
Zeta,Australia,2022-09-28,72227,1014,33819,1904,1.16,2,Severe
Gamma,France,2020-06-12,91469,1911,53268,7399,1.58,18,Moderate
Zeta,USA,2023-07-20,77462,602,19279,4932,3.0,7,Severe
Mu,France,2023-08-31,26517,3821,75259,6332,1.05,17,Mild
Delta,Australia,2023-12-23,18793,690,27927,3193,0.76,14,Moderate
Gamma,Canada,2020-06-25,79774,493,58051,3807,1.96,7,Critical
Theta,India,2022-03-04,53261,489,38134,5188,1.72,3,Critical
Omicron,India,2020-11-18,2269,2556,81830,9846,1.81,6,Mild
Omicron,UK,2022-07-09,84192,4485,92942,3978,2.17,2,Moderate
Gamma,Brazil,2020-02-25,22152,294,16856,2726,1.17,17,Critical
Zeta,UK,2021-12-25,71949,4027,88685,200,2.78,12,Severe
Delta,Japan,2023-02-12,73951,2843,37084,1345,1.59,12,Moderate
Omicron,USA,2020-12-05,8136,2912,40367,8191,0.82,17,Moderate
Delta,France,2023-10-08,31878,1717,55518,388,2.36,10,Critical
Omicron,Brazil,2022-02-12,27834,2596,19144,3839,2.11,3,Severe
Mu,Australia,2020-08-04,23273,4744,57846,6390,1.29,18,Severe
Zeta,Japan,2021-08-01,30503,1873,10639,625,2.05,13,Severe
Mu,Australia,2022-08-22,66421,4663,57271,2340,1.05,12,Moderate
Omicron,India,2022-07-19,71775,3258,1707,1764,1.61,17,Mild
Theta,India,2023-08-12,6444,2817,39581,473,2.75,4,Moderate
Theta,UK,2021-03-15,18900,444,52277,9168,0.83,10,Moderate
Mu,USA,2021-06-08,25472,3641,3214,4277,1.47,11,Critical
Theta,Brazil,2020-12-12,61616,4458,93128,3168,2.55,6,Mild
Omicron,South Africa,2022-08-02,20638,741,84023,3634,2.92,6,Severe
Gamma,Japan,2022-08-25,64018,2041,41297,4948,1.63,9,Critical
Mu,Japan,2020-12-09,15073,679,19651,5427,1.77,15,Moderate
Beta,UK,2022-12-10,71255,2467,94016,6014,1.93,2,Mild
Zeta,India,2020-10-22,59600,3697,50649,8891,2.83,4,Severe
Theta,UK,2021-01-07,36675,1358,71595,5613,2.65,5,Severe
Theta,France,2022-05-22,42361,62,4602,2222,0.93,17,Moderate
Alpha,Brazil,2022-08-24,27816,2559,9467,6130,1.59,8,Severe
Lambda,USA,2020-12-07,3336,3769,58629,5828,1.66,8,Severe
Mu,Canada,2021-05-17,15948,4351,68257,392,2.47,12,Mild
Epsilon,Germany,2022-02-17,2452,134,72105,2266,2.01,8,Critical
Theta,Germany,2023-06-09,2032,3644,78320,1422,2.14,19,Mild
Zeta,UK,2023-03-09,76549,4970,3772,9785,3.0,3,Critical
Beta,France,2023-02-13,8656,4917,70492,6156,0.69,18,Critical
Theta,Brazil,2021-11-10,86936,2135,40081,381,1.06,19,Critical
Beta,South Africa,2023-01-28,5598,3278,79285,5816,1.52,19,Severe
Omicron,Germany,2022-02-28,76218,822,21488,5575,1.37,15,Mild
Omicron,Brazil,2020-11-05,50198,3074,58869,8812,0.55,6,Severe
Lambda,USA,2021-11-06,64486,2981,43906,8317,0.73,16,Moderate
Gamma,Australia,2021-09-27,9669,120,33626,7447,2.2,8,Mild
Epsilon,France,2021-02-16,56982,1637,41988,456,2.7,16,Critical
Alpha,India,2022-03-30,70493,924,49078,1401,1.79,18,Severe
Lambda,Brazil,2022-06-04,440,644,59857,1350,1.85,16,Severe
Delta,USA,2021-11-06,44049,2032,49927,2949,1.14,11,Mild
Alpha,South Africa,2021-08-16,82402,2761,43511,5979,2.42,7,Mild
Mu,Canada,2020-05-07,62543,2068,93524,9275,2.38,17,Critical
Zeta,India,2020-03-03,91768,241,40519,4823,1.97,17,Critical
Delta,Canada,2021-11-03,74127,2668,83186,3579,1.03,12,Moderate
Delta,South Africa,2021-02-08,238,802,20485,5464,0.74,13,Critical
Lambda,USA,2022-09-23,458,4164,84167,3160,0.66,10,Severe
Gamma,Germany,2021-09-05,75350,195,14241,9807,1.98,7,Moderate
Lambda,Canada,2022-10-20,85476,2187,84776,6424,2.56,14,Moderate
Mu,India,2021-05-29,30754,3515,27436,4667,2.65,1,Moderate
Theta,UK,2022-10-12,25979,2330,31771,6957,1.66,17,Mild
Theta,Japan,2022-01-21,81632,2359,54836,7953,2.46,4,Critical
Gamma,Brazil,2022-10-22,55878,4841,13754,3672,2.87,5,Moderate
Mu,Germany,2022-07-08,37872,3606,56685,4492,1.19,7,Mild
Gamma,Canada,2020-01-27,58578,276,2173,4807,1.49,10,Mild
Beta,Australia,2020-02-02,64453,60,90760,5078,2.83,17,Moderate
Theta,Brazil,2021-08-25,26862,3390,63043,5490,1.35,7,Moderate
Delta,UK,2020-02-12,13383,1913,80172,8043,2.78,1,Severe
Epsilon,South Africa,2023-03-23,64022,3927,25466,993,2.95,7,Moderate
Zeta,Japan,2020-06-05,39520,2591,1864,5617,2.15,11,Severe
Mu,USA,2021-06-18,55668,566,78587,8553,2.54,9,Moderate
Alpha,UK,2021-02-13,85190,3935,50308,9926,2.37,12,Moderate
Gamma,UK,2020-07-04,20319,1571,16558,9481,2.25,3,Critical
Zeta,South Africa,2020-11-29,57269,4717,85216,1917,1.27,4,Moderate
Alpha,France,2020-06-09,75065,1200,78966,6934,0.64,4,Moderate
Zeta,South Africa,2020-07-16,46940,4409,35749,9226,1.36,13,Severe
Epsilon,France,2021-06-11,44795,2854,46385,8747,2.17,19,Severe
Alpha,France,2020-09-27,84854,2895,46856,4184,0.76,10,Critical
Lambda,Germany,2022-08-15,78088,1236,77903,9090,0.53,5,Moderate
Omicron,Germany,2022-05-02,58442,136,63818,7275,0.85,7,Moderate
Lambda,India,2020-07-06,19051,1029,35789,9307,2.29,16,Severe
Theta,Canada,2023-07-02,1407,2156,34835,2000,2.93,1,Mild
Omicron,Canada,2021-01-14,80488,2594,32030,5606,2.96,12,Mild
Lambda,USA,2022-01-21,90868,661,89385,4008,1.73,2,Mild
Omicron,Canada,2021-10-16,35528,2472,94752,3785,2.67,7,Severe
Omicron,Germany,2023-08-06,92121,2677,85066,9122,2.34,11,Severe
Delta,India,2020-05-30,75874,2308,1659,4655,1.75,13,Mild
Gamma,India,2021-12-05,39075,86,66303,2071,1.93,2,Mild
Gamma,France,2020-11-21,1240,2512,85531,4497,0.84,7,Moderate
Delta,South Africa,2023-04-29,24942,2942,91178,4445,2.84,15,Severe
Zeta,USA,2023-06-29,26521,2773,28191,2654,1.38,11,Severe
Beta,France,2023-06-18,1808,2504,30059,1055,1.62,2,Mild
Zeta,South Africa,2021-12-17,3730,3310,6832,7961,2.18,7,Mild
Alpha,Canada,2021-11-20,19695,1700,92122,6459,1.33,4,Critical
Alpha,France,2020-01-14,76121,3670,25983,2691,1.14,11,Severe
Omicron,Brazil,2021-08-13,28408,2700,77204,3209,2.08,2,Critical
Lambda,Canada,2023-08-01,44889,3629,8357,6778,0.56,16,Moderate
Lambda,South Africa,2021-03-15,55790,4590,92257,9140,2.3,7,Critical
Gamma,USA,2020-12-02,26186,1647,75924,7450,1.79,13,Mild
Mu,South Africa,2022-12-02,16959,3318,38396,8643,2.01,5,Severe
Zeta,France,2023-09-09,7784,3687,50822,2560,2.08,17,Severe
Theta,France,2020-04-04,91188,596,72134,4235,1.82,12,Critical
Epsilon,UK,2023-09-29,1307,4545,40199,606,1.96,19,Critical
Lambda,USA,2020-06-11,46199,484,86750,6064,2.21,7,Moderate
Epsilon,Australia,2020-01-18,67596,645,27576,1515,2.38,6,Moderate
Omicron,Canada,2021-07-26,66193,3089,85762,9063,2.32,8,Mild
Epsilon,India,2021-12-30,29789,4757,68527,6478,2.67,13,Mild
Theta,USA,2023-09-22,48751,4853,5745,7246,0.97,5,Mild
Delta,India,2022-05-22,13993,4384,39219,1561,1.5,2,Critical
Theta,USA,2020-12-06,97908,720,47997,9938,2.87,9,Critical
Epsilon,USA,2022-05-28,66518,4733,47274,6862,1.49,11,Severe
Theta,South Africa,2021-04-02,60111,498,45915,1459,0.81,6,Mild
Beta,USA,2022-04-05,38735,4729,25603,5963,1.81,7,Critical
Omicron,UK,2020-01-17,56215,1673,60460,8466,0.77,7,Severe
Zeta,Australia,2020-10-30,95171,3067,90945,8052,1.01,19,Mild
Delta,France,2023-11-23,78505,114,24866,2669,3.0,6,Moderate
Lambda,Japan,2020-01-19,72802,2979,55076,7519,1.85,11,Moderate
Alpha,India,2022-07-12,78618,4769,50755,7903,1.21,11,Critical
Zeta,France,2021-09-01,72905,1736,61972,7455,2.99,7,Severe
Alpha,Japan,2021-09-29,59054,3611,73964,2731,2.92,2,Moderate
Omicron,Australia,2021-07-03,28164,2253,1931,9664,1.6,19,Severe
Delta,Australia,2020-01-28,79163,2294,39617,9647,1.15,4,Severe
Gamma,India,2022-05-06,2554,3630,47415,2935,2.6,6,Moderate
Lambda,India,2023-08-24,20978,146,79261,9834,2.29,17,Severe
Beta,Australia,2023-01-06,51198,3982,70172,7114,2.22,5,Moderate
Gamma,Japan,2022-12-08,62254,3453,25056,6250,2.73,7,Critical
Omicron,USA,2020-04-10,13091,4507,41248,522,2.22,9,Mild
Zeta,Canada,2023-04-17,68444,2410,22881,225,1.21,1,Mild
Beta,Brazil,2020-11-02,36693,136,16509,7309,2.23,1,Critical
Theta,France,2020-05-26,36404,3360,32493,3163,1.26,19,Moderate
Epsilon,South Africa,2022-10-15,30486,3005,42366,7460,2.4,6,Moderate
Beta,France,2020-07-10,55320,3552,64536,1716,2.05,18,Moderate
Omicron,South Africa,2022-06-28,69438,18,5927,1577,0.69,10,Moderate
Mu,Japan,2021-07-09,94389,2242,39603,1138,1.78,11,Critical
Epsilon,South Africa,2020-07-10,21183,448,4972,3520,1.36,1,Mild
Alpha,India,2020-01-28,18454,1948,4736,7877,1.32,1,Severe
Lambda,Canada,2023-08-15,22290,945,32816,2375,2.01,13,Severe
Alpha,Canada,2022-02-20,6242,4236,79993,5593,1.31,5,Mild
Beta,India,2020-11-26,28498,1920,32056,4907,2.44,1,Critical
Alpha,UK,2020-08-11,52071,2977,31472,5728,0.68,3,Severe
Omicron,Japan,2023-03-21,41962,4188,12255,6011,2.15,18,Mild
Theta,UK,2022-12-18,98768,4015,86640,4577,2.52,9,Critical
Zeta,UK,2021-11-14,53510,238,23577,9281,2.18,14,Severe
Lambda,France,2023-04-14,19603,204,18493,2751,1.74,17,Moderate
Alpha,Australia,2023-12-31,48556,2607,16574,3030,2.88,14,Moderate
Alpha,France,2023-06-25,82135,4340,28252,6266,1.25,4,Critical
Beta,Australia,2021-08-13,8116,4927,65602,238,0.55,5,Moderate
Zeta,Brazil,2020-10-20,2484,3388,46192,8372,1.58,17,Critical
Gamma,South Africa,2020-02-24,62420,2972,61742,304,0.58,2,Mild
Alpha,Australia,2023-10-07,15172,4390,82434,4294,2.88,5,Mild
Omicron,India,2023-01-31,80118,2687,20905,8627,1.02,4,Severe
Mu,France,2020-09-30,40610,4951,83797,6811,2.47,4,Critical
Lambda,Japan,2020-03-22,49033,4166,60422,928,2.44,6,Severe
Alpha,South Africa,2023-10-05,21926,1348,25145,508,1.04,13,Severe
Omicron,Brazil,2020-01-28,68126,4400,38774,2819,2.05,5,Mild
Omicron,Australia,2021-02-01,25618,816,49291,4971,0.62,7,Severe
Lambda,Brazil,2020-06-21,24145,820,52053,9027,1.71,1,Moderate
Gamma,Japan,2022-04-30,50976,192,68429,3789,0.54,14,Severe
Omicron,UK,2022-01-22,92546,1776,94887,2128,2.8,4,Critical
Mu,Canada,2020-11-17,90202,3645,92046,6401,2.94,17,Moderate
Omicron,Japan,2022-02-06,52019,4624,94333,155,1.06,14,Mild
Omicron,Germany,2022-01-21,99541,250,16022,7952,1.02,16,Critical
Omicron,Japan,2022-11-28,27203,1788,93896,4575,2.38,14,Moderate
Theta,Brazil,2022-12-17,36288,3700,22977,202,1.13,16,Critical
Theta,India,2021-05-04,5945,2463,66680,5197,2.74,8,Moderate
Gamma,France,2022-10-15,86798,1167,52397,6647,1.93,3,Critical
Alpha,India,2020-03-19,36774,3893,88910,8253,1.38,19,Critical
Omicron,Brazil,2021-12-30,19437,1096,86260,2420,2.58,1,Moderate
Zeta,France,2023-08-06,22413,2679,69568,1830,1.73,2,Mild
Alpha,Germany,2023-07-20,27043,1847,45333,2974,2.78,15,Mild
Gamma,Canada,2023-01-23,78049,3904,81376,2531,2.82,10,Critical
Delta,South Africa,2022-02-20,376,504,12255,2578,0.91,18,Critical
Alpha,Brazil,2020-08-23,51251,1621,89924,5892,0.51,14,Mild
Alpha,Australia,2022-09-04,17711,2472,12798,1877,2.96,17,Mild
Epsilon,Brazil,2022-05-16,12044,2546,21147,7475,2.77,13,Severe
Beta,Brazil,2023-08-28,52987,1387,3142,7612,0.64,1,Mild
Epsilon,France,2020-08-18,81542,2994,53361,3209,2.58,5,Critical
Mu,USA,2020-09-30,49947,3816,22742,6113,1.64,13,Moderate
Theta,Japan,2020-03-27,58753,717,23912,250,1.15,14,Mild
Theta,USA,2023-08-28,86172,3484,90446,3450,2.7,3,Severe
Beta,Germany,2023-04-07,56722,4434,79557,4641,0.99,15,Severe
Lambda,Australia,2021-04-09,27910,658,80202,9609,2.87,19,Severe
Lambda,Canada,2023-07-05,77942,4008,70519,8284,1.01,17,Moderate
Gamma,UK,2020-11-02,10603,4524,4976,5087,2.03,3,Mild
Beta,Germany,2021-08-14,84861,4994,91349,3778,1.06,16,Mild
Alpha,UK,2022-08-26,37076,4234,4019,9152,1.86,14,Mild
Lambda,UK,2020-06-06,11690,3764,35783,8005,2.21,12,Moderate
Omicron,Canada,2020-04-19,10986,2989,69905,8812,0.98,12,Moderate
Zeta,India,2022-03-01,12966,4637,41793,6439,1.8,11,Critical
Alpha,USA,2021-04-02,66724,2104,39926,3615,1.67,17,Severe
Mu,Brazil,2023-12-28,68999,1255,20373,2183,0.68,8,Severe
Omicron,South Africa,2020-06-18,32892,2482,16478,9724,2.55,17,Mild
Omicron,UK,2023-09-15,9864,383,34628,6578,1.34,11,Moderate
Beta,Australia,2023-06-21,86256,2607,86536,2611,1.94,2,Moderate
Gamma,Germany,2022-10-24,42827,193,64190,2667,1.79,10,Mild
Mu,India,2020-01-27,78571,3807,83879,6090,1.78,10,Mild
Lambda,UK,2021-09-21,8168,3719,6414,7335,0.77,11,Critical
Beta,India,2022-09-26,7395,2581,35399,2169,1.56,6,Severe
Lambda,India,2022-12-16,41260,2565,741,3840,1.63,4,Severe
Beta,UK,2021-05-25,11490,2763,66517,8323,2.33,12,Severe
Beta,France,2020-09-22,20231,2798,45946,4378,2.6,11,Critical
Beta,Japan,2020-06-12,94854,2339,57112,1327,1.86,13,Mild
Gamma,Australia,2020-09-22,76069,3406,79812,4503,0.72,5,Mild
Beta,Brazil,2021-12-02,15138,731,13911,1240,1.09,6,Severe
Delta,Brazil,2020-07-30,52427,2872,88352,1143,0.91,1,Severe
Zeta,Australia,2023-04-28,93818,3120,63978,7617,0.81,6,Critical
Lambda,France,2022-07-05,77164,4780,83281,1311,1.41,18,Moderate
Alpha,Brazil,2020-06-12,21381,4177,41397,1920,1.07,9,Moderate
Epsilon,India,2023-01-18,54289,2604,3171,8092,1.05,15,Severe
Mu,Canada,2021-11-25,48611,2382,83843,8117,0.64,8,Critical
Theta,Germany,2023-01-18,8705,531,28214,9707,0.54,19,Severe
Gamma,USA,2021-03-17,1481,4316,25541,7980,0.76,16,Moderate
Alpha,Brazil,2023-11-18,66734,634,59272,1926,0.93,6,Severe
Omicron,Australia,2023-04-19,19910,1769,23215,7006,1.58,6,Moderate
Delta,Canada,2020-06-19,24422,3804,3798,2767,1.78,3,Moderate
Theta,UK,2023-04-01,41969,2370,26603,6474,0.85,10,Moderate
Epsilon,Japan,2020-08-21,33055,2,60430,188,1.56,1,Mild
Alpha,Australia,2021-08-07,61488,205,44381,9098,1.35,14,Mild
Theta,India,2020-10-14,10307,4135,39610,6372,0.96,4,Severe
Alpha,Japan,2021-01-13,87429,2621,53915,9753,0.52,12,Moderate
Delta,Germany,2022-08-21,67728,4739,46736,8693,1.67,6,Mild
Epsilon,Germany,2023-01-02,28320,2890,75960,70,2.21,11,Severe
Omicron,France,2020-03-08,84150,3193,4725,9279,1.07,12,Severe
Beta,South Africa,2023-12-12,74185,2666,66756,6691,0.83,10,Severe
Lambda,France,2021-08-04,22131,3306,78036,2905,2.72,18,Severe
Omicron,Canada,2022-11-02,70821,897,76266,595,1.19,7,Severe
Beta,Japan,2022-03-26,80907,1085,10118,5833,1.06,7,Critical
Gamma,South Africa,2020-04-22,71412,1279,54510,544,2.64,11,Moderate
Zeta,UK,2020-06-28,59866,670,46468,3472,2.54,4,Severe
Mu,India,2020-04-18,12549,1505,26256,4021,1.62,1,Critical
Mu,Japan,2023-06-25,89933,3575,337,3408,1.72,13,Moderate
Lambda,France,2020-07-17,56799,4814,22387,2165,1.04,18,Mild
Epsilon,USA,2022-05-28,81353,1955,20716,5976,0.7,9,Severe
Delta,South Africa,2021-08-06,46192,249,1211,7339,1.93,9,Critical
Epsilon,South Africa,2023-05-06,63771,1892,90121,6967,0.75,9,Mild
Delta,India,2022-01-06,10450,3439,38801,9206,1.62,10,Critical
Epsilon,Brazil,2021-12-30,96258,1853,82113,5335,2.85,2,Moderate
Zeta,Germany,2022-04-15,68587,2854,89439,8528,2.88,6,Moderate
Gamma,Germany,2020-07-19,17722,1503,14808,4713,1.1,15,Mild
Gamma,USA,2020-03-12,70363,3385,65830,2716,2.06,3,Critical
Beta,Canada,2023-01-30,53217,3571,3228,11,1.69,11,Severe
Theta,Canada,2023-11-21,58494,3792,31881,9235,2.69,6,Severe
Gamma,UK,2022-06-22,23882,3426,2226,8326,1.18,3,Mild
Gamma,Japan,2022-06-30,28554,43,33704,1114,0.51,11,Mild
Omicron,Australia,2023-06-12,68004,3612,26677,1871,0.91,15,Mild
Omicron,Brazil,2021-01-04,15692,2618,52600,5279,1.37,13,Critical
Beta,France,2022-07-08,22273,4678,44960,6953,1.29,10,Severe
Theta,Australia,2022-11-02,33304,3163,90467,8330,2.48,6,Severe
Lambda,Australia,2023-05-24,35696,1288,58301,447,2.2,15,Severe
Omicron,South Africa,2023-07-04,34424,2942,35472,4856,1.25,18,Mild
Lambda,USA,2022-04-01,61302,219,12034,3139,1.64,18,Severe
Alpha,Germany,2023-01-09,89500,1925,89362,9423,0.74,7,Moderate
Omicron,UK,2023-08-28,30850,2972,61436,8091,2.75,15,Mild
Zeta,Canada,2021-09-13,76212,3513,83341,911,2.84,18,Severe
Theta,USA,2022-03-08,16666,2448,7185,5408,2.95,18,Critical
Beta,South Africa,2021-03-15,7290,3471,370,6688,2.67,9,Mild
Alpha,France,2023-09-08,88707,2774,94221,5539,0.93,2,Moderate
Theta,UK,2022-04-27,38433,990,21734,6614,0.62,8,Moderate
Zeta,South Africa,2021-05-23,81005,2946,55963,3928,1.95,2,Critical
Theta,Germany,2023-04-29,89671,1812,88824,1077,2.78,11,Critical
Zeta,Germany,2023-09-24,1689,4953,21939,36,0.94,7,Mild
Zeta,Germany,2023-12-01,25335,803,48949,6947,0.52,6,Mild
Lambda,USA,2020-03-11,259,489,10820,7274,2.51,10,Moderate
Epsilon,USA,2023-08-31,12245,3556,39371,7128,0.69,5,Critical
Alpha,Canada,2020-04-16,81009,1493,86012,557,1.53,11,Mild
Theta,Canada,2022-10-24,32021,3645,41827,8768,2.2,1,Moderate
Delta,France,2021-01-14,16337,2891,46300,8905,1.09,2,Critical
Alpha,UK,2021-06-02,8344,1705,73084,5348,0.71,1,Moderate
Epsilon,India,2022-04-29,14843,3516,40180,3150,2.43,19,Severe
Alpha,India,2022-05-28,97202,3340,81981,8006,2.08,2,Critical
Gamma,South Africa,2021-01-13,46201,53,49396,1600,2.97,4,Mild
Delta,Germany,2022-07-19,84327,2575,2587,7786,1.36,12,Mild
Epsilon,UK,2022-12-20,99632,3591,84812,4953,0.65,18,Severe
Lambda,Australia,2021-03-05,56478,615,15266,9007,2.34,1,Critical
Theta,USA,2023-09-21,71226,954,84199,7808,1.8,1,Moderate
Mu,Japan,2022-07-24,56171,2433,3059,3801,1.03,14,Mild
Epsilon,Brazil,2023-03-02,71221,1629,89954,1367,2.45,4,Severe
Beta,France,2021-03-31,74863,2781,29377,8102,1.01,5,Severe
Theta,Germany,2022-06-11,93914,649,14259,3235,1.15,11,Critical
Epsilon,Germany,2023-05-08,12337,2347,48493,2470,0.73,13,Critical
Gamma,Germany,2023-03-26,15749,4490,15079,8747,1.5,16,Mild
Mu,USA,2020-09-21,37813,3278,67663,2738,1.55,13,Severe
Gamma,USA,2022-09-28,73563,2640,79493,6736,1.79,2,Moderate
Mu,Brazil,2023-04-23,45509,3801,57047,7491,2.27,16,Severe
Beta,Australia,2021-06-14,48866,2561,62609,6440,2.77,6,Moderate
Theta,UK,2020-09-30,46254,3249,64942,3124,0.84,14,Moderate
Lambda,Germany,2022-04-10,7116,370,70459,626,0.64,1,Mild
Gamma,India,2022-03-03,79663,857,8685,3654,0.55,17,Severe
Gamma,Canada,2022-05-19,48788,4886,33115,6423,0.86,11,Moderate
Zeta,India,2022-08-26,89778,4753,33833,1213,2.14,19,Critical
Mu,South Africa,2023-12-09,54338,383,34202,9961,2.32,3,Moderate
Omicron,India,2022-03-10,58708,3877,58791,2575,2.47,11,Critical
Theta,South Africa,2022-11-24,89181,2552,51552,3184,1.11,5,Critical
Mu,Japan,2023-09-13,31997,4334,29142,3091,1.26,17,Severe
Zeta,Canada,2021-08-17,51061,4290,17703,2640,1.71,7,Critical
Alpha,India,2023-07-02,68803,2725,40519,3171,0.66,10,Moderate
Mu,Japan,2022-06-20,44857,4034,86533,4331,2.03,11,Critical
Lambda,France,2021-08-26,27017,3293,59804,8871,2.96,3,Severe
Theta,UK,2021-05-13,22836,4251,30028,6279,1.4,10,Mild
Zeta,Japan,2020-11-16,28090,3988,87642,7109,2.38,10,Moderate
Alpha,UK,2023-08-11,62651,922,94593,7386,1.75,14,Moderate
Delta,India,2020-08-24,58261,2915,43219,4088,0.82,12,Severe
Zeta,Australia,2023-10-20,79723,2950,48337,5811,1.96,15,Severe
Delta,Japan,2020-11-16,22540,3046,54795,4161,1.25,10,Severe
Theta,Canada,2021-01-28,35305,974,5593,8921,0.59,10,Severe
Gamma,India,2022-07-11,80911,1230,56442,2610,2.09,19,Moderate
Zeta,Germany,2023-08-15,55203,2435,21117,6185,2.65,1,Mild
Beta,USA,2023-05-22,70912,1814,51083,676,1.36,10,Critical
Delta,Japan,2021-08-06,41727,2934,45306,293,1.48,2,Critical
Lambda,Canada,2020-09-21,19108,4933,90683,5850,2.73,17,Mild
Beta,France,2023-12-17,71374,1363,69395,3575,2.53,7,Mild
Epsilon,Germany,2022-06-20,32502,3940,22241,4603,2.29,7,Mild
Epsilon,France,2022-11-29,53484,203,86853,1475,1.12,9,Severe
Alpha,India,2020-10-25,5893,160,72792,8331,2.78,2,Moderate
Gamma,USA,2022-04-29,5671,4487,86643,4744,0.89,14,Moderate
Theta,Japan,2022-03-22,96967,768,29042,6267,2.07,17,Moderate
Zeta,Japan,2023-05-12,16309,3748,81581,7376,0.57,1,Severe
Omicron,Australia,2023-04-01,91030,2581,48853,3682,2.11,9,Moderate
Lambda,Australia,2020-11-27,43248,1093,63527,7392,1.19,19,Severe
Delta,India,2022-10-12,91318,4500,13260,6597,1.62,4,Moderate
Theta,India,2022-06-22,2324,607,83379,1002,1.36,8,Mild
Beta,USA,2022-05-19,48795,1540,26320,6868,0.93,13,Critical
Epsilon,Australia,2023-05-25,32541,2875,62058,2131,2.05,4,Critical
Lambda,Canada,2020-12-29,39229,3191,5247,2233,2.7,9,Severe
Omicron,Canada,2023-07-01,62468,1837,7502,4532,2.9,9,Moderate
Zeta,USA,2021-10-05,92222,689,41536,3198,0.98,18,Critical
Alpha,Canada,2022-02-16,44860,3759,14909,3247,2.29,12,Mild
Omicron,South Africa,2020-10-11,23578,2949,27286,4146,2.16,10,Mild
Lambda,UK,2022-10-03,71954,2103,31949,353,1.36,11,Mild
Omicron,USA,2023-09-18,94330,365,32133,4714,0.55,7,Severe
Lambda,USA,2023-12-12,85816,3575,67758,4833,2.22,9,Severe
Lambda,Brazil,2022-01-27,12280,4550,16713,4930,2.86,6,Moderate
Mu,Germany,2020-04-10,98638,4199,93126,3211,2.08,19,Mild
Delta,Germany,2022-07-21,15472,4172,19103,5481,1.59,16,Moderate
Epsilon,South Africa,2021-08-04,29896,4325,11135,898,1.81,15,Moderate
Mu,Australia,2023-11-28,58372,2378,30614,9543,1.0,7,Mild
Zeta,India,2022-09-07,90063,1205,89795,7137,2.38,16,Moderate
Mu,India,2023-01-14,98926,4988,59145,3730,2.37,5,Critical
Gamma,France,2020-10-22,93735,3839,69567,2893,0.86,16,Severe
Gamma,South Africa,2020-08-02,54140,2735,21203,4222,2.69,1,Moderate
Epsilon,USA,2021-11-19,75457,3347,5297,6971,1.17,19,Mild
Omicron,South Africa,2022-08-13,71468,1675,10603,2425,2.96,5,Severe
Delta,South Africa,2023-10-10,78456,298,20861,9319,1.46,7,Severe
Epsilon,South Africa,2020-10-16,16311,956,6185,3011,0.94,19,Moderate
Lambda,Germany,2023-08-31,5942,1114,5623,1748,1.38,5,Critical
Beta,South Africa,2021-09-13,63215,2505,79317,1374,1.6,17,Moderate
Delta,UK,2022-08-29,66952,1474,7239,2718,0.67,8,Critical
Delta,India,2021-12-18,46068,4460,80127,934,1.95,1,Severe
Lambda,France,2023-07-20,17608,4446,43696,161,1.99,2,Moderate
Lambda,UK,2023-08-01,22105,3726,76673,8787,2.35,15,Mild
Alpha,France,2020-07-25,54675,3471,53737,8054,0.57,18,Moderate
Epsilon,Brazil,2021-03-31,80842,2828,68362,922,1.85,11,Critical
Lambda,France,2020-08-27,19071,2850,27614,2331,0.63,10,Critical
Gamma,India,2021-04-02,25699,2506,28885,505,2.25,4,Moderate
Zeta,India,2020-01-30,87692,3770,61637,2158,0.64,5,Critical
Beta,South Africa,2020-04-28,67014,2964,7747,566,2.78,4,Severe
Epsilon,Japan,2022-04-27,67155,4594,80215,1562,2.26,13,Moderate
Theta,Brazil,2020-07-08,87797,949,73972,2130,1.77,13,Critical
Gamma,USA,2022-05-23,5455,4603,17096,3095,1.6,18,Moderate
Omicron,Canada,2022-12-01,54220,2850,57873,3514,0.83,2,Moderate
Lambda,France,2023-09-24,74719,165,73630,166,1.23,16,Mild
Theta,Japan,2023-12-07,38442,3486,53420,8936,2.67,1,Moderate
Lambda,South Africa,2021-03-20,86092,2509,9665,7515,2.76,19,Mild
Delta,Germany,2023-08-28,78960,919,5110,7172,0.5,9,Critical
Gamma,USA,2021-06-24,2357,113,76486,5533,1.99,3,Mild
Delta,Australia,2023-06-05,27464,3504,60569,7553,2.3,7,Mild
Alpha,Japan,2023-05-30,25072,991,71167,8065,2.05,10,Mild
Delta,Germany,2021-07-13,26754,3839,61208,4664,0.7,1,Severe
Alpha,Brazil,2023-08-18,80869,1258,34832,6260,1.04,10,Mild
Alpha,South Africa,2021-10-10,81523,3426,85759,7256,1.13,9,Moderate
Theta,USA,2021-09-11,29420,514,78583,164,2.58,15,Mild
Lambda,USA,2020-08-21,20908,4804,58305,7960,1.66,15,Moderate
Omicron,USA,2020-09-15,52489,3196,72734,1006,1.72,3,Mild
Delta,Brazil,2022-07-06,95790,4434,56968,4636,2.84,5,Severe
Gamma,France,2022-10-30,34873,2584,84334,2915,2.09,9,Critical
Alpha,Australia,2023-07-30,51268,67,79608,9379,2.75,9,Mild
Lambda,Brazil,2021-12-15,27847,1596,85599,163,1.64,7,Mild
Beta,Canada,2021-04-21,76496,4478,81472,7863,0.87,12,Severe
Epsilon,Australia,2022-05-22,83792,18,25306,6491,2.82,9,Mild
Theta,India,2021-02-24,57605,2730,30055,5609,1.65,6,Moderate
Omicron,South Africa,2022-05-15,85996,3521,6688,1726,0.95,2,Mild
Mu,Brazil,2022-08-26,18235,572,37469,796,1.26,9,Mild
Theta,Germany,2022-04-15,90987,2258,33427,4378,0.63,17,Critical
Beta,Australia,2022-04-15,96135,2902,43166,8106,1.67,1,Critical
Epsilon,Canada,2021-05-30,47477,650,36684,4282,2.63,19,Mild
Beta,India,2020-02-09,23654,2587,82341,3777,2.83,6,Severe
Delta,France,2023-10-24,62591,3262,23432,8844,2.83,5,Critical
Alpha,Germany,2020-03-02,55721,1338,56113,6004,0.81,2,Mild
Omicron,Australia,2022-09-20,58383,4996,22444,7226,1.46,9,Critical
Zeta,South Africa,2021-09-08,85240,3634,67839,8867,0.57,14,Mild
Alpha,Germany,2022-05-22,17023,2827,914,3436,2.64,4,Critical
Zeta,India,2020-09-14,47691,2217,40272,3793,1.4,4,Critical
Epsilon,Germany,2022-02-10,62361,3539,13716,5437,2.08,15,Moderate
Lambda,UK,2022-06-09,54436,1037,21005,7021,2.29,8,Mild
Mu,Japan,2023-11-11,74183,4383,81895,8062,1.57,4,Mild
Gamma,France,2021-12-21,61048,3978,69640,3711,1.27,16,Mild
Alpha,India,2020-10-14,33102,2961,66521,9271,2.91,4,Mild
Omicron,Germany,2022-06-09,80198,3226,88364,2359,2.91,16,Critical
Beta,Japan,2022-04-21,73116,1098,43348,7021,1.22,12,Moderate
Omicron,Japan,2023-05-14,26772,2324,63158,7065,1.7,16,Moderate
Epsilon,Germany,2023-05-30,4313,939,48974,1222,2.93,19,Severe
Zeta,South Africa,2022-01-24,10393,3716,16759,6975,0.51,8,Mild
Beta,UK,2022-01-19,55960,3414,9776,9354,1.53,6,Severe
Gamma,Brazil,2020-01-31,62607,1448,60874,6714,0.75,10,Critical
Gamma,UK,2020-06-11,57234,570,40592,7443,1.77,5,Severe
Alpha,Germany,2020-03-22,2200,2904,20295,2521,0.56,18,Mild
Epsilon,France,2020-04-04,62097,2505,34803,153,1.52,10,Moderate
Lambda,Brazil,2023-05-14,28272,917,79838,7377,1.05,10,Moderate
Epsilon,India,2020-05-21,20232,1874,21366,3238,1.83,7,Mild
Zeta,UK,2020-07-27,18299,4928,84748,4592,2.99,18,Critical
Omicron,Germany,2023-07-08,36709,1678,16010,6041,2.5,1,Mild
Gamma,UK,2021-09-26,43065,615,30841,4253,2.61,7,Critical
Omicron,Brazil,2022-07-18,8116,4501,25266,9559,2.09,1,Moderate
Omicron,Canada,2022-09-17,39879,1749,32517,2723,0.6,15,Critical
Omicron,Australia,2020-05-04,31981,3825,64477,4195,1.02,4,Mild
Gamma,UK,2022-05-07,82694,4188,62097,9559,2.81,10,Mild
Theta,India,2021-05-16,24572,2477,73340,7338,1.42,9,Mild
Delta,India,2023-09-28,51913,4749,47064,4643,0.76,2,Critical
Zeta,USA,2021-03-04,36121,3505,4128,3202,2.26,14,Critical
Theta,UK,2023-10-27,54231,3475,78439,310,1.25,16,Critical
Zeta,Australia,2022-04-13,24187,4529,50569,733,1.17,1,Moderate
Beta,South Africa,2022-08-06,12928,1135,4092,5704,2.99,2,Severe
Epsilon,Japan,2022-06-10,61710,4000,49102,3020,2.65,7,Severe
Epsilon,Australia,2022-10-24,96764,374,14439,5565,1.52,10,Mild
Mu,Japan,2020-12-19,1501,206,68161,77,2.95,1,Moderate
Epsilon,Japan,2023-04-28,85279,4875,93765,2516,2.13,13,Critical
Gamma,Canada,2022-03-29,15293,1319,50783,1547,2.36,1,Mild
Lambda,USA,2023-11-02,92489,1141,34804,407,0.58,5,Moderate
Alpha,Australia,2020-02-15,44964,4627,18674,5690,0.8,16,Mild
Mu,Australia,2021-07-23,20407,2690,85936,9365,2.08,15,Moderate
Alpha,Canada,2021-02-07,19711,3255,26731,4835,2.75,17,Moderate
Zeta,UK,2022-02-15,43891,89,89574,8757,2.06,16,Severe
Alpha,UK,2020-08-11,12050,4108,81056,6058,0.84,13,Mild
Alpha,UK,2021-07-12,76340,3020,24754,3671,0.79,11,Critical
Mu,France,2020-04-07,77503,1857,94963,9953,2.61,17,Severe
Beta,Japan,2023-07-05,2845,804,94158,2951,0.85,17,Severe
Omicron,France,2023-07-14,55343,944,7543,7077,1.8,2,Critical
Epsilon,USA,2020-11-07,3966,2789,69689,5101,0.59,13,Moderate
Epsilon,Canada,2022-08-13,32345,3875,54433,1611,0.7,14,Critical
Gamma,Australia,2021-07-02,44824,1610,3044,1490,2.18,11,Mild
Mu,Japan,2022-12-21,71454,2923,69330,6240,2.22,10,Critical
Gamma,France,2020-11-05,51474,3882,47284,9304,1.35,3,Moderate
Lambda,France,2020-04-23,30216,3221,47341,3286,1.04,17,Critical
Lambda,Germany,2022-11-25,81129,4391,92918,6457,2.53,15,Moderate
Gamma,France,2022-07-05,93674,4735,5644,5509,1.04,9,Moderate
Mu,South Africa,2022-05-31,20547,2387,7421,6283,1.86,10,Mild
Gamma,Australia,2023-02-15,30531,4723,47365,1309,2.92,8,Critical
Epsilon,South Africa,2023-09-09,18008,941,83614,5828,0.87,13,Critical
Theta,Australia,2021-07-09,29436,4925,79576,6711,2.85,18,Mild
Delta,Canada,2022-09-19,41092,2566,16676,5004,0.96,5,Moderate
Alpha,Australia,2020-03-24,55450,975,86055,7499,1.92,6,Critical
Delta,South Africa,2023-03-07,69661,954,7180,9737,1.44,17,Mild
Mu,Australia,2020-02-06,52055,1262,6878,8279,2.91,11,Moderate
Delta,Canada,2023-07-10,61340,943,57564,2841,1.18,16,Mild
Lambda,Canada,2021-10-13,20193,2202,52714,2731,1.5,9,Critical
Zeta,USA,2020-04-04,6255,3327,17933,1542,2.96,2,Mild
Alpha,Australia,2023-09-06,46707,4274,43109,8439,1.84,5,Severe
Omicron,Germany,2023-01-14,33587,2259,84128,5263,1.76,1,Moderate
Mu,UK,2021-01-04,55768,1828,42982,2006,1.14,4,Severe
Alpha,India,2023-08-05,21063,1257,61319,5321,2.25,4,Severe
Delta,Canada,2023-11-14,50224,464,76036,287,0.54,3,Moderate
Lambda,Brazil,2020-03-03,52970,3294,86009,3099,0.62,9,Moderate
Beta,UK,2020-05-20,56647,1230,2085,533,2.0,12,Mild
Theta,Japan,2022-03-19,64210,2654,40795,4285,1.35,10,Moderate
Omicron,Australia,2020-11-26,53654,884,17291,5375,2.88,2,Severe
Theta,South Africa,2023-02-03,21036,3805,53025,3132,2.76,11,Severe
Alpha,India,2022-09-17,4526,3856,23204,8177,2.28,10,Critical
Lambda,Brazil,2021-09-27,88939,3135,25675,5200,2.55,6,Moderate
Lambda,UK,2023-02-28,27706,924,45000,4585,2.17,18,Severe
Delta,Australia,2022-05-26,47932,4589,56446,7737,0.81,2,Critical
Epsilon,USA,2021-07-06,28251,1546,13381,1807,2.41,2,Critical
Delta,Japan,2020-09-15,79403,1094,63977,2141,1.03,10,Mild
Epsilon,India,2021-09-14,11408,2411,86276,7332,1.31,16,Severe
Epsilon,Germany,2023-08-28,62622,2617,84769,6510,2.55,12,Mild
Omicron,USA,2022-10-31,45771,762,63064,825,1.84,1,Severe
Delta,Brazil,2021-03-23,90406,2323,39396,8644,2.65,8,Mild
Beta,India,2023-02-11,94208,4145,70461,6676,1.03,16,Mild
Gamma,USA,2022-01-05,2304,2775,54528,152,2.02,18,Moderate
Gamma,Japan,2021-01-25,92869,4659,12304,1420,0.71,13,Mild
Delta,Germany,2022-05-04,87365,4878,55784,544,2.11,15,Moderate
Delta,USA,2020-01-11,31231,3155,28671,9918,2.41,12,Critical
Theta,France,2023-09-05,52528,3970,76491,3374,1.96,8,Severe
Omicron,Germany,2022-01-10,33970,2040,46171,1042,1.17,10,Critical
Delta,Brazil,2021-11-25,49167,583,81468,3352,0.58,14,Severe
Theta,Japan,2021-03-08,58685,4331,60247,9612,0.8,5,Critical
Epsilon,Australia,2020-08-26,21707,2103,84627,6095,2.06,18,Severe
Lambda,South Africa,2021-12-08,25068,1942,94684,4510,2.84,19,Mild
Lambda,South Africa,2022-05-21,99034,4455,42481,1182,1.02,15,Severe
Epsilon,South Africa,2020-04-13,12008,109,4887,9090,2.34,6,Severe
Mu,India,2022-04-07,26523,191,90075,4527,2.67,11,Critical
Theta,Brazil,2023-08-14,74807,903,83213,8017,1.8,11,Critical
Theta,Japan,2022-03-26,78357,861,71282,1651,2.17,18,Critical
Epsilon,Germany,2023-08-22,61315,1083,49044,481,2.54,18,Moderate
Beta,India,2023-10-10,55935,649,79129,2950,1.15,10,Moderate
Zeta,Brazil,2020-12-12,49529,4134,12665,8748,1.24,2,Severe
